title,url,image
Amazon Prime Day 2024 Live Updates: Get all the deals and biggest announcements,https://indianexpress.com/article/technology/tech-news-technology/amazon-prime-day-2024-live-updates-best-deals-on-smartphones-gadgets-tvs-and-more-9461453/ , https://indianexpress.com/wp-content/themes/indianexpress/images/default-ie.jpg
How does Apple ‘sherlock’ apps and who are its victims this year?,https://indianexpress.com/article/technology/tech-news-technology/apple-sherlocking-apps-figures-explained-9461910/ , https://indianexpress.com/wp-content/themes/indianexpress/images/default-ie.jpg
The woman who sold the world’s most expensive dinosaur,https://indianexpress.com/article/technology/science/the-woman-who-sold-the-worlds-most-expensive-dinosaur-9462761/ , https://indianexpress.com/wp-content/themes/indianexpress/images/default-ie.jpg
OpenAI introduces GPT-4o mini  its cheaper and lighter model for developers,https://indianexpress.com/article/technology/artificial-intelligence/gpt-4o-mini-openai-cheaper-ai-model-9462747/ , https://indianexpress.com/wp-content/themes/indianexpress/images/default-ie.jpg
HMD unveils Skyline  a mid-range Android phone that you can repair at home,https://indianexpress.com/article/technology/mobile-tabs/hmd-skyline-android-phone-specs-feature-repair-ifixit-9461727/ , https://indianexpress.com/wp-content/themes/indianexpress/images/default-ie.jpg
The resurgence of mid-range smartphones: Is a comeback on the horizon?,https://indianexpress.com/article/technology/tech-news-technology/the-resurgence-of-mid-range-smartphones-is-a-comeback-on-the-horizon-9461729/ , https://indianexpress.com/wp-content/themes/indianexpress/images/default-ie.jpg
Honor 200 Pro and Honor 200 launched in India: Check price  specs and offers,https://indianexpress.com/article/technology/mobile-tabs/honor-200-series-price-specs-offers-availability-discounts-9461369/ , https://indianexpress.com/wp-content/themes/indianexpress/images/default-ie.jpg
Target’s generative AI plans for the US market is backed by its India-based GCC,https://indianexpress.com/article/technology/artificial-intelligence/targets-ai-plans-for-the-us-market-is-backed-by-its-india-based-gcc-9461583/ , https://indianexpress.com/wp-content/themes/indianexpress/images/default-ie.jpg
Windows 11 Photos app not working or showing error message? Here’s how to fix it,https://indianexpress.com/article/technology/techook/windows-11-photos-app-not-working-error-message-temporary-fix-9460873/ , https://indianexpress.com/wp-content/themes/indianexpress/images/default-ie.jpg
Nagpur Police adopts AI-powered SIMBA tool by Gurugram-based Staqu for crime detection,https://indianexpress.com/article/technology/artificial-intelligence/nagpur-police-simba-ai-tool-staqu-technologies-9460907/ , https://indianexpress.com/wp-content/themes/indianexpress/images/default-ie.jpg
Microsoft unveils new Deadpool themed Xbox controller: Here’s what it looks like,https://indianexpress.com/article/technology/tech-news-technology/microsoft-deadpool-wolverine-themed-xbox-controller-participate-giveaway-9460674/ , https://indianexpress.com/wp-content/themes/indianexpress/images/default-ie.jpg
NASA abandons $450 million VIPER mission meant to look for water on Moon’s South Pole,https://indianexpress.com/article/technology/tech-news-technology/nasa-abandons-viper-mission-to-moon-south-pole-9460660/ , https://indianexpress.com/wp-content/themes/indianexpress/images/default-ie.jpg
Flipkart announces GOAT sale: Deals on iPhone 15  Galaxy S23 FE  Motorola Edge 50 Fusion  and more,https://indianexpress.com/article/technology/tech-news-technology/flipkart-goat-sale-date-deals-offers-9460460/ , https://indianexpress.com/wp-content/themes/indianexpress/images/default-ie.jpg
Dyson launches new OnTrac headphones with customisable caps and cushions,https://indianexpress.com/article/technology/gadgets/dyson-ontrac-headphones-launch-features-9459327/ , https://indianexpress.com/wp-content/themes/indianexpress/images/default-ie.jpg
Netflix’s efforts to grow ad tier in focus as subscriber growth slows,https://indianexpress.com/article/technology/tech-news-technology/netflixs-efforts-to-grow-ad-tier-in-focus-as-subscriber-growth-slows-9460298/ , https://indianexpress.com/wp-content/themes/indianexpress/images/default-ie.jpg
EU antitrust regulators want to know if Google and Samsung’s chatbot deal hinders rivals,https://indianexpress.com/article/technology/tech-news-technology/eu-antitrust-regulators-want-to-know-if-google-and-samsungs-chatbot-deal-hinders-rivals-9460286/ , https://indianexpress.com/wp-content/themes/indianexpress/images/default-ie.jpg
Google to launch tool to make Indian agriculture data driven; renews focus on Indian languages,https://indianexpress.com/article/technology/artificial-intelligence/google-to-launch-tool-to-make-indian-agriculture-data-driven-io-connect-bengaluru-9460235/ , https://indianexpress.com/wp-content/themes/indianexpress/images/default-ie.jpg
What is dual-tower solar thermal plant  that could boost efficiency by 24%,https://indianexpress.com/article/technology/science/what-is-dual-tower-solar-thermal-plant-china-worlds-first-9459999/ , https://indianexpress.com/wp-content/themes/indianexpress/images/default-ie.jpg
EU antitrust regulators seek if Google and Samsung’s chatbot deal hinders rivals,https://indianexpress.com/article/technology/eu-antitrust-regulators-seek-if-google-and-samsungs-chatbot-deal-hinders-rivals-9459808/ , https://indianexpress.com/wp-content/themes/indianexpress/images/default-ie.jpg
Ex-OpenAI researcher to start new company focused on AI teaching assistants,https://indianexpress.com/article/technology/tech-news-technology/new-venture-focused-on-ai-teaching-assistants-eureka-labs-9459199/ , https://indianexpress.com/wp-content/themes/indianexpress/images/default-ie.jpg
Microsoft IT outage: CEO Satya Nadella says working with CrowdStrike to resolve the issue; 8 key takeaways,https://indianexpress.com/article/technology/microsoft-global-outage-satya-nadella-crowdstrike-key-points-9464267/ , https://indianexpress.com/wp-content/themes/indianexpress/images/default-ie.jpg
What does Crowdstrike have to do with Microsoft Windows PCs crashing worldwide?,https://indianexpress.com/article/technology/tech-news-technology/windows-pc-blue-screen-crashing-crowdstrike-falcon-update-fix-9463628/ , https://indianexpress.com/wp-content/themes/indianexpress/images/default-ie.jpg
Microsoft Windows systems down: What is the blue screen of death  why is it dreaded?,https://indianexpress.com/article/technology/tech-news-technology/microsoft-global-outage-blue-screen-of-death-9463558/ , https://indianexpress.com/wp-content/themes/indianexpress/images/default-ie.jpg
Microsoft outage: Hours after downtime  Microsoft 365 services ‘recovered’  claims tech giant,https://indianexpress.com/article/technology/tech-news-technology/microsoft-365-users-unable-to-access-various-microsoft-365-apps-and-services-9462989/ , https://indianexpress.com/wp-content/themes/indianexpress/images/default-ie.jpg
Google teases Pixel 9 Pro Fold and Pixel 9 Pro  set to arrive in India in August,https://indianexpress.com/article/technology/mobile-tabs/google-pixel-9-pro-fold-pro-design-camera-island-9462807/ , https://indianexpress.com/wp-content/themes/indianexpress/images/default-ie.jpg
Bumble expands reporting feature to cover AI-generated  fake profiles,https://indianexpress.com/article/technology/tech-news-technology/bumble-users-can-report-fake-ai-profiles-9462784/ , https://indianexpress.com/wp-content/themes/indianexpress/images/default-ie.jpg
Amazon Prime Day 2024 Live Updates: Get all the deals and biggest announcements,https://indianexpress.com/article/technology/tech-news-technology/amazon-prime-day-2024-live-updates-best-deals-on-smartphones-gadgets-tvs-and-more-9461453/ , https://indianexpress.com/wp-content/themes/indianexpress/images/default-ie.jpg
How does Apple ‘sherlock’ apps and who are its victims this year?,https://indianexpress.com/article/technology/tech-news-technology/apple-sherlocking-apps-figures-explained-9461910/ , https://indianexpress.com/wp-content/themes/indianexpress/images/default-ie.jpg
The woman who sold the world’s most expensive dinosaur,https://indianexpress.com/article/technology/science/the-woman-who-sold-the-worlds-most-expensive-dinosaur-9462761/ , https://indianexpress.com/wp-content/themes/indianexpress/images/default-ie.jpg
OpenAI introduces GPT-4o mini  its cheaper and lighter model for developers,https://indianexpress.com/article/technology/artificial-intelligence/gpt-4o-mini-openai-cheaper-ai-model-9462747/ , https://indianexpress.com/wp-content/themes/indianexpress/images/default-ie.jpg
HMD unveils Skyline  a mid-range Android phone that you can repair at home,https://indianexpress.com/article/technology/mobile-tabs/hmd-skyline-android-phone-specs-feature-repair-ifixit-9461727/ , https://indianexpress.com/wp-content/themes/indianexpress/images/default-ie.jpg
The resurgence of mid-range smartphones: Is a comeback on the horizon?,https://indianexpress.com/article/technology/tech-news-technology/the-resurgence-of-mid-range-smartphones-is-a-comeback-on-the-horizon-9461729/ , https://indianexpress.com/wp-content/themes/indianexpress/images/default-ie.jpg
Honor 200 Pro and Honor 200 launched in India: Check price  specs and offers,https://indianexpress.com/article/technology/mobile-tabs/honor-200-series-price-specs-offers-availability-discounts-9461369/ , https://indianexpress.com/wp-content/themes/indianexpress/images/default-ie.jpg
Target’s generative AI plans for the US market is backed by its India-based GCC,https://indianexpress.com/article/technology/artificial-intelligence/targets-ai-plans-for-the-us-market-is-backed-by-its-india-based-gcc-9461583/ , https://indianexpress.com/wp-content/themes/indianexpress/images/default-ie.jpg
Windows 11 Photos app not working or showing error message? Here’s how to fix it,https://indianexpress.com/article/technology/techook/windows-11-photos-app-not-working-error-message-temporary-fix-9460873/ , https://indianexpress.com/wp-content/themes/indianexpress/images/default-ie.jpg
Nagpur Police adopts AI-powered SIMBA tool by Gurugram-based Staqu for crime detection,https://indianexpress.com/article/technology/artificial-intelligence/nagpur-police-simba-ai-tool-staqu-technologies-9460907/ , https://indianexpress.com/wp-content/themes/indianexpress/images/default-ie.jpg
Microsoft unveils new Deadpool themed Xbox controller: Here’s what it looks like,https://indianexpress.com/article/technology/tech-news-technology/microsoft-deadpool-wolverine-themed-xbox-controller-participate-giveaway-9460674/ , https://indianexpress.com/wp-content/themes/indianexpress/images/default-ie.jpg
NASA abandons $450 million VIPER mission meant to look for water on Moon’s South Pole,https://indianexpress.com/article/technology/tech-news-technology/nasa-abandons-viper-mission-to-moon-south-pole-9460660/ , https://indianexpress.com/wp-content/themes/indianexpress/images/default-ie.jpg
Flipkart announces GOAT sale: Deals on iPhone 15  Galaxy S23 FE  Motorola Edge 50 Fusion  and more,https://indianexpress.com/article/technology/tech-news-technology/flipkart-goat-sale-date-deals-offers-9460460/ , https://indianexpress.com/wp-content/themes/indianexpress/images/default-ie.jpg
Dyson launches new OnTrac headphones with customisable caps and cushions,https://indianexpress.com/article/technology/gadgets/dyson-ontrac-headphones-launch-features-9459327/ , https://indianexpress.com/wp-content/themes/indianexpress/images/default-ie.jpg
3 worries that could be behind Apple’s reluctance to launch a foldable iPhone,https://indianexpress.com/article/technology/opinion-technology/3-worries-that-could-be-behind-apples-reluctance-to-launch-a-foldable-iphone-9466287/ , https://indianexpress.com/wp-content/themes/indianexpress/images/default-ie.jpg
Amazon Prime Day 2024: From MacBook Air M1  to Galaxy S23 Utra  five deals worth checking out,https://indianexpress.com/article/technology/tech-news-technology/amazon-prime-day-2024-top-five-deals-9466314/ , https://indianexpress.com/wp-content/themes/indianexpress/images/default-ie.jpg
Without backup plans  global IT outages will happen again,https://indianexpress.com/article/technology/tech-news-technology/without-backup-plans-global-it-outages-will-happen-again-9466246/ , https://indianexpress.com/wp-content/themes/indianexpress/images/default-ie.jpg
Microsoft says about 8.5 million of its devices affected by CrowdStrike-related outage,https://indianexpress.com/article/technology/tech-news-technology/microsoft-says-about-8-5-million-of-its-devices-affected-by-crowdstrike-related-outage-9466243/ , https://indianexpress.com/wp-content/themes/indianexpress/images/default-ie.jpg
When tech fails  it is usually with a whimper instead of a bang,https://indianexpress.com/article/technology/tech-news-technology/microsoft-crowdstrike-global-outage-9466229/ , https://indianexpress.com/wp-content/themes/indianexpress/images/default-ie.jpg
AI models help improve health communication in India:  Google DeepMind’s Milind TambeSubscriber Only,https://indianexpress.com/article/technology/tech-news-technology/multi-armed-bandits-model-key-to-improve-health-communication-google-deepmind-milind-tambe-9465259/ , https://indianexpress.com/wp-content/themes/indianexpress/images/default-ie.jpg
NASA’s Curiosity Rover finds yellow pure sulfur crystals on Mars,https://indianexpress.com/article/technology/science/nasa-curiosity-rover-mars-finds-yellow-crystals-pure-sulfur-9465112/ , https://indianexpress.com/wp-content/themes/indianexpress/images/default-ie.jpg
What is CrowdStrike  the company at the heart of the global Microsoft outage?,https://indianexpress.com/article/technology/crowdstrike-outage-what-is-crowdstrike-george-kurtz-microsoft-9465161/ , https://indianexpress.com/wp-content/themes/indianexpress/images/default-ie.jpg
Microsoft is testing a new Windows 11 Start menu design with app grid layout,https://indianexpress.com/article/technology/tech-news-technology/microsoft-testing-new-redesigned-windows-11-start-menu-9465030/ , https://indianexpress.com/wp-content/themes/indianexpress/images/default-ie.jpg
Xiaomi unveils Mix Flip  its first flip phone with Leica Summilux tuned camera,https://indianexpress.com/article/technology/mobile-tabs/xiaomi-unveils-mix-flip-its-first-flip-phone-with-leica-summilux-camera-9464799/ , https://indianexpress.com/wp-content/themes/indianexpress/images/default-ie.jpg
A dummies guide to the great CrowdStrike outage,https://indianexpress.com/article/technology/crowdstrike-outage-microsoft-azure-airports-services-guide-9464642/ , https://indianexpress.com/wp-content/themes/indianexpress/images/default-ie.jpg
Microsoft IT outage: CEO Satya Nadella says working with CrowdStrike to resolve the issue; 8 key takeaways,https://indianexpress.com/article/technology/microsoft-global-outage-satya-nadella-crowdstrike-key-points-9464267/ , https://indianexpress.com/wp-content/themes/indianexpress/images/default-ie.jpg
What does Crowdstrike have to do with Microsoft Windows PCs crashing worldwide?,https://indianexpress.com/article/technology/tech-news-technology/windows-pc-blue-screen-crashing-crowdstrike-falcon-update-fix-9463628/ , https://indianexpress.com/wp-content/themes/indianexpress/images/default-ie.jpg
Microsoft Windows systems down: What is the blue screen of death  why is it dreaded?,https://indianexpress.com/article/technology/tech-news-technology/microsoft-global-outage-blue-screen-of-death-9463558/ , https://indianexpress.com/wp-content/themes/indianexpress/images/default-ie.jpg
Microsoft outage: Hours after downtime  Microsoft 365 services ‘recovered’  claims tech giant,https://indianexpress.com/article/technology/tech-news-technology/microsoft-365-users-unable-to-access-various-microsoft-365-apps-and-services-9462989/ , https://indianexpress.com/wp-content/themes/indianexpress/images/default-ie.jpg
Google teases Pixel 9 Pro Fold and Pixel 9 Pro  set to arrive in India in August,https://indianexpress.com/article/technology/mobile-tabs/google-pixel-9-pro-fold-pro-design-camera-island-9462807/ , https://indianexpress.com/wp-content/themes/indianexpress/images/default-ie.jpg
Bumble expands reporting feature to cover AI-generated  fake profiles,https://indianexpress.com/article/technology/tech-news-technology/bumble-users-can-report-fake-ai-profiles-9462784/ , https://indianexpress.com/wp-content/themes/indianexpress/images/default-ie.jpg
Amazon Prime Day 2024 Live Updates: Best deals on smartphones  laptops  tablets and more,https://indianexpress.com/article/technology/tech-news-technology/amazon-prime-day-2024-live-updates-best-deals-on-smartphones-gadgets-tvs-and-more-9461453/ , https://indianexpress.com/wp-content/themes/indianexpress/images/default-ie.jpg
How does Apple ‘sherlock’ apps and who are its victims this year?,https://indianexpress.com/article/technology/tech-news-technology/apple-sherlocking-apps-figures-explained-9461910/ , https://indianexpress.com/wp-content/themes/indianexpress/images/default-ie.jpg
The woman who sold the world’s most expensive dinosaur,https://indianexpress.com/article/technology/science/the-woman-who-sold-the-worlds-most-expensive-dinosaur-9462761/ , https://indianexpress.com/wp-content/themes/indianexpress/images/default-ie.jpg
Galaxy S23 FE: At Rs 29 999  this is the cheapest phone to experience Galaxy AI,https://indianexpress.com/article/technology/mobile-tabs/galaxy-s23-fe-at-rs-29999-flipkart-big-billion-days-9595574/ , https://indianexpress.com/wp-content/themes/indianexpress/images/default-ie.jpg
Spotify back up after outage hits over 40 000 users,https://indianexpress.com/article/technology/tech-news-technology/spotify-back-up-after-outage-hits-over-40000-users-9595443/ , https://indianexpress.com/wp-content/themes/indianexpress/images/default-ie.jpg
SpaceX capsule for stuck astronauts docks at space station,https://indianexpress.com/article/technology/science/spacex-capsule-for-stuck-astronauts-docks-at-space-station-9595438/ , https://indianexpress.com/wp-content/themes/indianexpress/images/default-ie.jpg
India to probe fire at Tata plant making components for Apple iPhones,https://indianexpress.com/article/technology/tech-news-technology/india-to-probe-fire-at-tata-plant-making-components-for-apple-iphones-9595432/ , https://indianexpress.com/wp-content/themes/indianexpress/images/default-ie.jpg
How to protect yourself from recruitment scammers on WhatsApp,https://indianexpress.com/article/technology/techook/whatsapp-recruitment-scams-details-9594523/ , https://indianexpress.com/wp-content/themes/indianexpress/images/default-ie.jpg
The iPhone 16 Pro Max is a video camera for creators  the phone is incidental now,https://indianexpress.com/article/technology/tech-reviews/iphone-16-pro-max-review-camera-samples-price-problems-9594401/ , https://indianexpress.com/wp-content/themes/indianexpress/images/default-ie.jpg
Earth to get a temporary ‘mini’ moon named 2024 PT5 from today,https://indianexpress.com/article/technology/science/earth-mini-moon-2024-pt5-9594224/ , https://indianexpress.com/wp-content/themes/indianexpress/images/default-ie.jpg
Vivo delivers stable Android 15 update ahead of Google and Samsung,https://indianexpress.com/article/technology/mobile-tabs/vivo-android-15-funtouchos-15-update-9594101/ , https://indianexpress.com/wp-content/themes/indianexpress/images/default-ie.jpg
OnePlus Open for Rs 99 999: Possibly the best flagship foldable to consider under a lakh in 2024,https://indianexpress.com/article/technology/mobile-tabs/oneplus-open-for-rs-99999-amazon-great-indian-festival-sale-9594063/ , https://indianexpress.com/wp-content/themes/indianexpress/images/default-ie.jpg
How Google defended itself in the ad tech antitrust trial,https://indianexpress.com/article/technology/tech-news-technology/how-google-defended-itself-in-the-ad-tech-antitrust-trial-9593911/ , https://indianexpress.com/wp-content/themes/indianexpress/images/default-ie.jpg
Trump says he will seek Google’s prosecution if he wins election,https://indianexpress.com/article/technology/tech-news-technology/trump-says-he-will-seek-googles-prosecution-if-he-wins-election-9593894/ , https://indianexpress.com/wp-content/themes/indianexpress/images/default-ie.jpg
Brazil’s top court imposes new fine before allowing X to resume service,https://indianexpress.com/article/technology/social/brazils-top-court-imposes-new-fine-before-allowing-x-to-resume-service-9593879/ , https://indianexpress.com/wp-content/themes/indianexpress/images/default-ie.jpg
Apple drops out of talks to join OpenAI investment round,https://indianexpress.com/article/technology/artificial-intelligence/apple-drops-out-of-talks-to-join-openai-investment-round-9593870/ , https://indianexpress.com/wp-content/themes/indianexpress/images/default-ie.jpg
SpaceX launches rescue mission for Sunita Williams and Butch Wilmore from ISS,https://indianexpress.com/article/technology/science/spacex-mission-to-rescue-sunita-williams-and-butch-wilmore-launches-9593623/ , https://indianexpress.com/wp-content/themes/indianexpress/images/default-ie.jpg
Google Pixel 9 Pro Fold review: A bold canvas for foldables but one step at a time,https://indianexpress.com/article/technology/tech-reviews/google-pixel-9-pro-fold-review-9593078/ , https://indianexpress.com/wp-content/themes/indianexpress/images/default-ie.jpg
Extracting gold and silver from e-waste now possible with Indian recycling tech: Masood Mallick  MD  Re SustainabilitySubscriber Only,https://indianexpress.com/article/technology/tech-news-technology/extracting-gold-and-silver-from-e-waste-now-possible-with-indian-recycling-tech-masood-mallick-md-re-sustainability-9592922/ , https://indianexpress.com/wp-content/themes/indianexpress/images/default-ie.jpg
Google Maps adds time machine feature  expands Street View to more countries,https://indianexpress.com/article/technology/tech-news-technology/google-maps-time-machine-expand-street-view-9592950/ , https://indianexpress.com/wp-content/themes/indianexpress/images/default-ie.jpg
Microsoft’s Recall is an opt-in feature that you can remove,https://indianexpress.com/article/technology/tech-news-technology/microsoft-windows-recall-optional-uninstall-more-secure-9592815/ , https://indianexpress.com/wp-content/themes/indianexpress/images/default-ie.jpg
iPhone 15 under Rs 55K: Flipkart and Amazon offer massive discounts on Apple device,https://indianexpress.com/article/technology/iphone-15-deals-and-discounts-on-flipkart-and-amazon-9592755/ , https://indianexpress.com/wp-content/themes/indianexpress/images/default-ie.jpg
SpaceX Crew-9 launch today: Spacecraft will offer Starliner astronauts Sunita Williams and Barry Wilmore a ride home,https://indianexpress.com/article/technology/science/spacex-crew-9-launches-today-how-to-watch-live-9592513/ , https://indianexpress.com/wp-content/themes/indianexpress/images/default-ie.jpg
Corning faces EU antitrust scrutiny over Gorilla Glass deals with phone makers,https://indianexpress.com/article/technology/tech-news-technology/corning-faces-eu-antitrust-scrutiny-over-gorilla-glass-deals-with-phone-makers-9659431/ , https://indianexpress.com/wp-content/themes/indianexpress/images/default-ie.jpg
Qualcomm advances on smartphone market revival  Chinese handset launches,https://indianexpress.com/article/technology/tech-news-technology/qualcomm-advances-on-smartphone-market-revival-chinese-handset-launches-9659422/ , https://indianexpress.com/wp-content/themes/indianexpress/images/default-ie.jpg
Amazon mulls new multi-billion dollar investment in Anthropic,https://indianexpress.com/article/technology/artificial-intelligence/amazon-mulls-new-multi-billion-dollar-investment-in-anthropic-9659415/ , https://indianexpress.com/wp-content/themes/indianexpress/images/default-ie.jpg
Google Cloud’s AI models power DeliverHealth’s new solution to simplify clinical documentation,https://indianexpress.com/article/technology/artificial-intelligence/google-clouds-ai-models-power-deliverhealths-new-solution-9658566/ , https://indianexpress.com/wp-content/themes/indianexpress/images/default-ie.jpg
Nintendo Switch 2 leaks and rumours: Here’s everything we know so far,https://indianexpress.com/article/technology/tech-news-technology/nintendo-switch-2-leaks-and-rumours-heres-everything-we-know-so-far-9658718/ , https://indianexpress.com/wp-content/themes/indianexpress/images/default-ie.jpg
Too young to use Instagram? Meta’s AI Classifier could help catch teens lying about their age,https://indianexpress.com/article/technology/artificial-intelligence/too-young-to-use-instagram-metas-ai-classifier-could-help-catch-teens-lying-about-their-age-9658555/ , https://indianexpress.com/wp-content/themes/indianexpress/images/default-ie.jpg
AI in Notepad: Microsoft’s new ‘Rewrite’ tool comes with a caveat,https://indianexpress.com/article/technology/artificial-intelligence/ai-in-notepad-microsofts-new-rewrite-tool-comes-with-a-caveat-9658311/ , https://indianexpress.com/wp-content/themes/indianexpress/images/default-ie.jpg
Oppo unveils Find X8 series camera features: Here’s what we know so far,https://indianexpress.com/article/technology/mobile-tabs/oppo-unveils-find-x8-series-camera-features-heres-what-we-know-so-far-9658190/ , https://indianexpress.com/wp-content/themes/indianexpress/images/default-ie.jpg
Video game on Rajendra Chola’s legacy hopes to introduce Chola dynasty to the world,https://indianexpress.com/article/technology/gaming/video-game-on-rajendra-cholas-legacy-hopes-to-introduce-chola-dynasty-to-the-world-9657540/ , https://indianexpress.com/wp-content/themes/indianexpress/images/default-ie.jpg
Sony PlayStation 5 30th anniversary limited edition console and accessories coming to India on November 21,https://indianexpress.com/article/technology/gaming/sony-playstation-5-30th-anniversary-edition-india-launch-price-9658139/ , https://indianexpress.com/wp-content/themes/indianexpress/images/default-ie.jpg
This Android malware remotely takes over your phone to steal money,https://indianexpress.com/article/technology/tech-news-technology/toxicpanda-android-malware-remotely-takes-over-your-phone-to-steal-money-9658023/ , https://indianexpress.com/wp-content/themes/indianexpress/images/default-ie.jpg
US elections 2024: Tim Cook  Jeff Bezos  Sam Altman  and other tech leaders react to Donald Trump victory,https://indianexpress.com/article/technology/us-elections-2024-tech-leaders-react-to-donald-trump-victory-9658077/ , https://indianexpress.com/wp-content/themes/indianexpress/images/default-ie.jpg
Samsung to launch Galaxy S25 Slim months ahead of iPhone 17 Air: Report,https://indianexpress.com/article/technology/mobile-tabs/samsung-galaxy-s25-slim-launch-q2-2025-9657959/ , https://indianexpress.com/wp-content/themes/indianexpress/images/default-ie.jpg
Crossbeats DC03 Dashcam: Your extra on-road insurance  in 4K,https://indianexpress.com/article/technology/tech-reviews/crossbeats-dc03-dashcam-review-9657770/ , https://indianexpress.com/wp-content/themes/indianexpress/images/default-ie.jpg
iPhone users may have to shell out Rs 2 000 a month to enjoy best Apple Intelligence,https://indianexpress.com/article/technology/mobile-tabs/iphone-apple-intelligence-chatgpt-plus-subscription-9657741/ , https://indianexpress.com/wp-content/themes/indianexpress/images/default-ie.jpg
Kim Kardashian edition of Beats Studio Pro and Beats Pill now in India,https://indianexpress.com/article/technology/tech-news-technology/kim-kardashian-styled-beats-studio-pro-and-beats-pill-comes-to-india-9657714/ , https://indianexpress.com/wp-content/themes/indianexpress/images/default-ie.jpg
Australia proposes ban on social media for children under 16,https://indianexpress.com/article/technology/social/australia-proposes-ban-on-social-media-for-children-under-16-9657544/ , https://indianexpress.com/wp-content/themes/indianexpress/images/default-ie.jpg
Trump expected to shift course on antitrust  stop Google breakup,https://indianexpress.com/article/technology/techook/trump-expected-to-shift-course-on-antitrust-stop-google-breakup-9657475/ , https://indianexpress.com/wp-content/themes/indianexpress/images/default-ie.jpg
This app brings Apple’s Writing Tools-like features to all Android devices,https://indianexpress.com/article/technology/artificial-intelligence/infuse-ai-android-apple-intelligence-writing-tools-9655064/ , https://indianexpress.com/wp-content/themes/indianexpress/images/default-ie.jpg
Buzzkill: How bees reportedly stung Meta’s nuclear plans for AI data centre,https://indianexpress.com/article/technology/artificial-intelligence/meta-ai-nuclear-power-plant-cancelled-rare-bee-species-9656826/ , https://indianexpress.com/wp-content/themes/indianexpress/images/default-ie.jpg
Apple just made repairing iPhone 16 series on your own a lot easier  find out cost of spares,https://indianexpress.com/article/technology/mobile-tabs/apple-iphone-16-pro-repair-guide-spare-parts-price-9663815/ , https://indianexpress.com/wp-content/themes/indianexpress/images/default-ie.jpg
4 Apple products you should skip right now (and wait for the next model),https://indianexpress.com/article/technology/techook/4-apple-products-you-should-skip-right-now-and-wait-for-the-next-model-9663798/ , https://indianexpress.com/wp-content/themes/indianexpress/images/default-ie.jpg
How tech created a ‘Recipe for Loneliness’,https://indianexpress.com/article/technology/social/how-tech-created-a-recipe-for-loneliness-9663699/ , https://indianexpress.com/wp-content/themes/indianexpress/images/default-ie.jpg
5 productivity-first tablets under Rs 50 000 for remote workers,https://indianexpress.com/article/technology/mobile-tabs/5-productivity-first-tablets-under-rs-50000-for-remote-workers-9662850/ , https://indianexpress.com/wp-content/themes/indianexpress/images/default-ie.jpg
5 smartphones under Rs 25 000 with exceptional battery life,https://indianexpress.com/article/technology/mobile-tabs/smartphones-best-battery-life-under-rs-25000-9662781/ , https://indianexpress.com/wp-content/themes/indianexpress/images/default-ie.jpg
Fifty per cent off: Easily the best TWS for around Rs 5 000,https://indianexpress.com/article/technology/techook/galaxy-buds-fe-50-percent-off-9662820/ , https://indianexpress.com/wp-content/themes/indianexpress/images/default-ie.jpg
How to multitask like a boss with Split View on Mac,https://indianexpress.com/article/technology/techook/split-view-multitask-feature-macos-15-9662584/ , https://indianexpress.com/wp-content/themes/indianexpress/images/default-ie.jpg
Xbox gets first dose of artificial intelligence –– an AI-powered chatbot,https://indianexpress.com/article/technology/gaming/xbox-ai-chatbot-9662556/ , https://indianexpress.com/wp-content/themes/indianexpress/images/default-ie.jpg
Finally  a 2-in-1 Windows notebook with battery life that you can bank on,https://indianexpress.com/article/technology/tech-reviews/hp-omnibook-ultra-flip-14-review-9662444/ , https://indianexpress.com/wp-content/themes/indianexpress/images/default-ie.jpg
WhatsApp beta users report severe green screen issue  left disgruntled,https://indianexpress.com/article/technology/techook/whatsapp-beta-green-screen-issue-9662416/ , https://indianexpress.com/wp-content/themes/indianexpress/images/default-ie.jpg
Elon Musk is positioning X behind the new Trump presidency,https://indianexpress.com/article/technology/techook/elon-musk-is-positioning-x-behind-the-new-trump-presidency-9662294/ , https://indianexpress.com/wp-content/themes/indianexpress/images/default-ie.jpg
US ordered TSMC to halt shipments to China of chips used in AI applications,https://indianexpress.com/article/technology/tech-news-technology/us-ordered-tsmc-to-halt-shipments-to-china-of-chips-used-in-ai-applications-9662287/ , https://indianexpress.com/wp-content/themes/indianexpress/images/default-ie.jpg
Can’t remember your Wi-Fi password? Here’s how to quickly recover it,https://indianexpress.com/article/technology/techook/cant-remember-your-own-wi-fi-password-how-to-recover-9661663/ , https://indianexpress.com/wp-content/themes/indianexpress/images/default-ie.jpg
Meet Ai-Da  the humanoid robot whose painting of Alan Turing sold for over Rs 9 crore,https://indianexpress.com/article/technology/artificial-intelligence/ai-da-humanoid-robot-painting-alan-turing-9661576/ , https://indianexpress.com/wp-content/themes/indianexpress/images/default-ie.jpg
US elections: Over 2M ChatGPT users were redirected while Perplexity AI embraced live poll results,https://indianexpress.com/article/technology/artificial-intelligence/us-elections-chatgpt-users-redirected-while-perplexity-ai-live-results-9661367/ , https://indianexpress.com/wp-content/themes/indianexpress/images/default-ie.jpg
Sam Altman on artificial superintelligence: ‘There is a lot of compounding left to do’,https://indianexpress.com/article/technology/artificial-intelligence/sam-altman-on-artificial-superintelligence-there-is-a-lot-of-compounding-left-to-do-9661302/ , https://indianexpress.com/wp-content/themes/indianexpress/images/default-ie.jpg
Anthropic’s Claude models to be used by US intel agencies in major AI defence deal,https://indianexpress.com/article/technology/artificial-intelligence/anthropic-claude-models-us-intel-agencies-ai-defence-9661266/ , https://indianexpress.com/wp-content/themes/indianexpress/images/default-ie.jpg
What a Trump victory means for tech,https://indianexpress.com/article/technology/tech-news-technology/what-a-trump-victory-means-for-tech-9661105/ , https://indianexpress.com/wp-content/themes/indianexpress/images/default-ie.jpg
Meta’s Zuckerberg not liable in lawsuits over social media harm to children,https://indianexpress.com/article/technology/tech-news-technology/metas-zuckerberg-not-liable-in-lawsuits-over-social-media-harm-to-children-9661058/ , https://indianexpress.com/wp-content/themes/indianexpress/images/default-ie.jpg
OpenAI’s ChatGPT faces massive outage with thousands of users impacted,https://indianexpress.com/article/technology/tech-news-technology/openai-chatgpt-faces-massive-outage-9660936/ , https://indianexpress.com/wp-content/themes/indianexpress/images/default-ie.jpg
Microsoft starts shipping controversial Recall feature to limited users on Copilot+ PCs,https://indianexpress.com/article/technology/artificial-intelligence/microsoft-starts-shipping-controversial-recall-feature-to-limited-users-on-copilot-pcs-9689002/ , https://indianexpress.com/wp-content/themes/indianexpress/images/default-ie.jpg
Samsung unveils Gauss2 multimodal AI model that comes in 3 sizes with support for up to 14 languages,https://indianexpress.com/article/technology/artificial-intelligence/samsung-unveils-gauss2-multimodal-ai-model-9688853/ , https://indianexpress.com/wp-content/themes/indianexpress/images/default-ie.jpg
India will kickstart semiconductor segment in a few years: Canon India CEO,https://indianexpress.com/article/technology/tech-news-technology/india-will-kickstart-semiconductor-segment-in-a-few-years-canon-ceo-9688838/ , https://indianexpress.com/wp-content/themes/indianexpress/images/default-ie.jpg
US plans to reduce Intel’s $8.5 billion federal chips grant below $8 billion,https://indianexpress.com/article/technology/tech-news-technology/us-plans-to-reduce-intels-8-5-billion-federal-chips-grant-below-8-billion-9688687/ , https://indianexpress.com/wp-content/themes/indianexpress/images/default-ie.jpg
Indian regulator rejects Apple request to put antitrust report on hold,https://indianexpress.com/article/technology/techook/indian-regulator-rejects-apple-request-to-put-antitrust-report-on-hold-9688679/ , https://indianexpress.com/wp-content/themes/indianexpress/images/default-ie.jpg
5 tips from Google to detect and avoid online scams,https://indianexpress.com/article/technology/techook/5-tips-from-google-to-detect-and-avoid-online-scams-9687895/ , https://indianexpress.com/wp-content/themes/indianexpress/images/default-ie.jpg
Apple Mac mini (2024) review: Small but brilliant in everything,https://indianexpress.com/article/technology/tech-reviews/apple-mac-mini-2024-review-9687552/ , https://indianexpress.com/wp-content/themes/indianexpress/images/default-ie.jpg
Under a thousand: The small  speedy ‘wireless’ power bank that works with every phone,https://indianexpress.com/article/technology/techook/stuffcool-snap-typec-powerbank-review-9687710/ , https://indianexpress.com/wp-content/themes/indianexpress/images/default-ie.jpg
How to permanently block spam calls and SMS on Jio,https://indianexpress.com/article/technology/techook/how-to-permanently-block-spam-calls-and-sms-on-jio-9687675/ , https://indianexpress.com/wp-content/themes/indianexpress/images/default-ie.jpg
iPhone 17 Air  Galaxy S25 Slim: Specs  design  and everything we know so far,https://indianexpress.com/article/technology/mobile-tabs/iphone-17-air-galaxy-s25-slim-specs-design-features-price-9687536/ , https://indianexpress.com/wp-content/themes/indianexpress/images/default-ie.jpg
Sony PlayStation Black Friday sale live in India: PS5 Slim for Rs 37 490  and more,https://indianexpress.com/article/technology/gaming/sony-playstation-black-friday-sale-india-offers-9687259/ , https://indianexpress.com/wp-content/themes/indianexpress/images/default-ie.jpg
Australia dumps plan for fines for social media giants enabling misinformation,https://indianexpress.com/article/technology/social/australia-dumps-plan-for-fines-for-social-media-giants-enabling-misinformation-9687176/ , https://indianexpress.com/wp-content/themes/indianexpress/images/default-ie.jpg
China’s Huawei aims 100 000 apps on Harmony OS in 6-12 months,https://indianexpress.com/article/technology/mobile-tabs/chinas-huawei-aims-100000-apps-on-harmony-os-in-6-12-months-9687173/ , https://indianexpress.com/wp-content/themes/indianexpress/images/default-ie.jpg
Global cooperation in tech will continue under Trump administration: Nvidia CEO,https://indianexpress.com/article/technology/tech-news-technology/global-cooperation-tech-continue-under-trump-nvidia-ceo-9687125/ , https://indianexpress.com/wp-content/themes/indianexpress/images/default-ie.jpg
‘Pictures from Find X8 series will resemble shots from Hasselblad X2D’: Oppo’s Arne Herkelman,https://indianexpress.com/article/technology/mobile-tabs/oppo-find-x8-series-hasselblad-interview-9686419/ , https://indianexpress.com/wp-content/themes/indianexpress/images/default-ie.jpg
Bluesky  smiling at me,https://indianexpress.com/article/technology/bluesky-smiling-at-me-9686063/ , https://indianexpress.com/wp-content/themes/indianexpress/images/default-ie.jpg
Audio-Technica ATH-SQ1TW: Compact with balanced sound profile,https://indianexpress.com/article/technology/tech-reviews/audio-technica-ath-sq1tw-review-9686012/ , https://indianexpress.com/wp-content/themes/indianexpress/images/default-ie.jpg
Signs of life on Mars? 4.45-billion-year-old meteorite grain suggests hot water once flowed on red planet,https://indianexpress.com/article/technology/science/signs-of-life-on-mars-4-45-billion-year-old-meteorite-9685717/ , https://indianexpress.com/wp-content/themes/indianexpress/images/default-ie.jpg
US Supreme Court tosses case involving securities fraud suit against Facebook,https://indianexpress.com/article/technology/us-supreme-court-tosses-case-involving-securities-fraud-suit-against-facebook-9685523/ , https://indianexpress.com/wp-content/themes/indianexpress/images/default-ie.jpg
Amazon doubles down on AI startup Anthropic with another $4 bln,https://indianexpress.com/article/technology/artificial-intelligence/amazon-doubles-down-on-ai-startup-anthropic-with-another-4-bln-9685509/ , https://indianexpress.com/wp-content/themes/indianexpress/images/default-ie.jpg
Microsoft starts shipping controversial Recall feature to limited users on Copilot+ PCs,https://indianexpress.com/article/technology/artificial-intelligence/microsoft-starts-shipping-controversial-recall-feature-to-limited-users-on-copilot-pcs-9689002/ , https://indianexpress.com/wp-content/themes/indianexpress/images/default-ie.jpg
Samsung unveils Gauss2 multimodal AI model that comes in 3 sizes with support for up to 14 languages,https://indianexpress.com/article/technology/artificial-intelligence/samsung-unveils-gauss2-multimodal-ai-model-9688853/ , https://indianexpress.com/wp-content/themes/indianexpress/images/default-ie.jpg
India will kickstart semiconductor segment in a few years: Canon India CEO,https://indianexpress.com/article/technology/tech-news-technology/india-will-kickstart-semiconductor-segment-in-a-few-years-canon-ceo-9688838/ , https://indianexpress.com/wp-content/themes/indianexpress/images/default-ie.jpg
US plans to reduce Intel’s $8.5 billion federal chips grant below $8 billion,https://indianexpress.com/article/technology/tech-news-technology/us-plans-to-reduce-intels-8-5-billion-federal-chips-grant-below-8-billion-9688687/ , https://indianexpress.com/wp-content/themes/indianexpress/images/default-ie.jpg
Indian regulator rejects Apple request to put antitrust report on hold,https://indianexpress.com/article/technology/techook/indian-regulator-rejects-apple-request-to-put-antitrust-report-on-hold-9688679/ , https://indianexpress.com/wp-content/themes/indianexpress/images/default-ie.jpg
5 tips from Google to detect and avoid online scams,https://indianexpress.com/article/technology/techook/5-tips-from-google-to-detect-and-avoid-online-scams-9687895/ , https://indianexpress.com/wp-content/themes/indianexpress/images/default-ie.jpg
Apple Mac mini (2024) review: Small but brilliant in everything,https://indianexpress.com/article/technology/tech-reviews/apple-mac-mini-2024-review-9687552/ , https://indianexpress.com/wp-content/themes/indianexpress/images/default-ie.jpg
Under a thousand: The small  speedy ‘wireless’ power bank that works with every phone,https://indianexpress.com/article/technology/techook/stuffcool-snap-typec-powerbank-review-9687710/ , https://indianexpress.com/wp-content/themes/indianexpress/images/default-ie.jpg
How to permanently block spam calls and SMS on Jio,https://indianexpress.com/article/technology/techook/how-to-permanently-block-spam-calls-and-sms-on-jio-9687675/ , https://indianexpress.com/wp-content/themes/indianexpress/images/default-ie.jpg
iPhone 17 Air  Galaxy S25 Slim: Specs  design  and everything we know so far,https://indianexpress.com/article/technology/mobile-tabs/iphone-17-air-galaxy-s25-slim-specs-design-features-price-9687536/ , https://indianexpress.com/wp-content/themes/indianexpress/images/default-ie.jpg
Sony PlayStation Black Friday sale live in India: PS5 Slim for Rs 37 490  and more,https://indianexpress.com/article/technology/gaming/sony-playstation-black-friday-sale-india-offers-9687259/ , https://indianexpress.com/wp-content/themes/indianexpress/images/default-ie.jpg
Australia dumps plan for fines for social media giants enabling misinformation,https://indianexpress.com/article/technology/social/australia-dumps-plan-for-fines-for-social-media-giants-enabling-misinformation-9687176/ , https://indianexpress.com/wp-content/themes/indianexpress/images/default-ie.jpg
China’s Huawei aims 100 000 apps on Harmony OS in 6-12 months,https://indianexpress.com/article/technology/mobile-tabs/chinas-huawei-aims-100000-apps-on-harmony-os-in-6-12-months-9687173/ , https://indianexpress.com/wp-content/themes/indianexpress/images/default-ie.jpg
Global cooperation in tech will continue under Trump administration: Nvidia CEO,https://indianexpress.com/article/technology/tech-news-technology/global-cooperation-tech-continue-under-trump-nvidia-ceo-9687125/ , https://indianexpress.com/wp-content/themes/indianexpress/images/default-ie.jpg
‘Pictures from Find X8 series will resemble shots from Hasselblad X2D’: Oppo’s Arne Herkelman,https://indianexpress.com/article/technology/mobile-tabs/oppo-find-x8-series-hasselblad-interview-9686419/ , https://indianexpress.com/wp-content/themes/indianexpress/images/default-ie.jpg
Bluesky  smiling at me,https://indianexpress.com/article/technology/bluesky-smiling-at-me-9686063/ , https://indianexpress.com/wp-content/themes/indianexpress/images/default-ie.jpg
Audio-Technica ATH-SQ1TW: Compact with balanced sound profile,https://indianexpress.com/article/technology/tech-reviews/audio-technica-ath-sq1tw-review-9686012/ , https://indianexpress.com/wp-content/themes/indianexpress/images/default-ie.jpg
Signs of life on Mars? 4.45-billion-year-old meteorite grain suggests hot water once flowed on red planet,https://indianexpress.com/article/technology/science/signs-of-life-on-mars-4-45-billion-year-old-meteorite-9685717/ , https://indianexpress.com/wp-content/themes/indianexpress/images/default-ie.jpg
US Supreme Court tosses case involving securities fraud suit against Facebook,https://indianexpress.com/article/technology/us-supreme-court-tosses-case-involving-securities-fraud-suit-against-facebook-9685523/ , https://indianexpress.com/wp-content/themes/indianexpress/images/default-ie.jpg
Amazon doubles down on AI startup Anthropic with another $4 bln,https://indianexpress.com/article/technology/artificial-intelligence/amazon-doubles-down-on-ai-startup-anthropic-with-another-4-bln-9685509/ , https://indianexpress.com/wp-content/themes/indianexpress/images/default-ie.jpg
Can open-source AI models be trusted? Experts debate licensing  risks  and more,https://indianexpress.com/article/technology/artificial-intelligence/open-source-ai-models-licensing-risks-sflc-discussion-9694616/ , https://indianexpress.com/wp-content/themes/indianexpress/images/default-ie.jpg
Redmi A4 5G review: An excellent budget smartphone  except for one major flaw,https://indianexpress.com/article/technology/tech-reviews/redmi-a4-5g-review-9694705/ , https://indianexpress.com/wp-content/themes/indianexpress/images/default-ie.jpg
Orange signs deal with OpenAI to get access to pre-release AI models,https://indianexpress.com/article/technology/tech-news-technology/orange-signs-deal-with-openai-to-get-access-to-pre-release-ai-models-9694684/ , https://indianexpress.com/wp-content/themes/indianexpress/images/default-ie.jpg
Black Friday 2024: iPhone 16 for Rs 72 900  and 4 other deals you should not miss,https://indianexpress.com/article/technology/tech-news-technology/black-friday-2024-deals-you-should-not-miss-9694526/ , https://indianexpress.com/wp-content/themes/indianexpress/images/default-ie.jpg
Amazon develops video AI model,https://indianexpress.com/article/technology/artificial-intelligence/amazon-develops-video-ai-model-9694368/ , https://indianexpress.com/wp-content/themes/indianexpress/images/default-ie.jpg
Microsoft denies training AI models on user data,https://indianexpress.com/article/technology/artificial-intelligence/microsoft-denies-training-ai-models-on-user-data-9694359/ , https://indianexpress.com/wp-content/themes/indianexpress/images/default-ie.jpg
Google asks US appeals court to reject app store monopoly verdict,https://indianexpress.com/article/technology/tech-news-technology/google-asks-us-appeals-court-to-reject-app-store-monopoly-verdict-9694349/ , https://indianexpress.com/wp-content/themes/indianexpress/images/default-ie.jpg
Microsoft faces wide-ranging US antitrust probe,https://indianexpress.com/article/technology/tech-news-technology/microsoft-faces-wide-ranging-us-antitrust-probe-9694343/ , https://indianexpress.com/wp-content/themes/indianexpress/images/default-ie.jpg
Vivo T3 Ultra review: Stylish design meets gaming power,https://indianexpress.com/article/technology/tech-reviews/vivo-t3-ultra-review-9693882/ , https://indianexpress.com/wp-content/themes/indianexpress/images/default-ie.jpg
Google Maps will soon delete your location history  but it’s not too late to save it,https://indianexpress.com/article/technology/techook/google-maps-timeline-location-history-deleted-backup-9693481/ , https://indianexpress.com/wp-content/themes/indianexpress/images/default-ie.jpg
59% users discovered new products on quick commerce platforms via reels and influencers: Meta Study,https://indianexpress.com/article/technology/tech-news-technology/meta-india-quick-commerce-platforms-study-9693253/ , https://indianexpress.com/wp-content/themes/indianexpress/images/default-ie.jpg
OpenAI’s Sora leaked before launch? Protesting artists say company treated them like ‘PR puppets’,https://indianexpress.com/article/brand-partner-technology/openais-sora-leaked-before-launch-by-protesting-artists-9693162/ , https://indianexpress.com/wp-content/themes/indianexpress/images/default-ie.jpg
Anthropic rolls out new open-source protocol for AI agents to tap into your app data,https://indianexpress.com/article/technology/artificial-intelligence/anthropic-open-source-protocol-for-ai-agents-9693121/ , https://indianexpress.com/wp-content/themes/indianexpress/images/default-ie.jpg
WhatsApp to soon let users add a custom message when forwarding text  images or links,https://indianexpress.com/article/technology/social/whatsapp-beta-new-custom-message-forward-feature-9693025/ , https://indianexpress.com/wp-content/themes/indianexpress/images/default-ie.jpg
Honda shifts gears  launches ACTIVA e  QC1 electric scooters in India,https://indianexpress.com/article/technology/tech-news-technology/honda-activa-e-qc1-electric-scooters-launch-features-price-9693063/ , https://indianexpress.com/wp-content/themes/indianexpress/images/default-ie.jpg
Cyclone Fengal LIVE Tracker: How to track the severe cyclonic storm in real time,https://indianexpress.com/article/technology/techook/cyclone-fengal-live-tracker-how-to-track-the-severe-cyclonic-storm-in-real-time-9692806/ , https://indianexpress.com/wp-content/themes/indianexpress/images/default-ie.jpg
Perplexity to develop voice-to-voice AI gadget for answering search queries,https://indianexpress.com/article/technology/artificial-intelligence/perplexity-voice-to-voice-ai-device-hardware-9692800/ , https://indianexpress.com/wp-content/themes/indianexpress/images/default-ie.jpg
Mate 70: Huawei’s first smartphone not powered by Google’s Android OS,https://indianexpress.com/article/technology/mobile-tabs/huawei-mate-70-first-smartphone-not-powered-by-google-android-os-9692792/ , https://indianexpress.com/wp-content/themes/indianexpress/images/default-ie.jpg
Days ahead of Wrapped 2024 drop  Spotify disables modded apps to curb piracy,https://indianexpress.com/article/technology/tech-news-technology/spotify-disables-modded-apps-to-curb-piracy-9692573/ , https://indianexpress.com/wp-content/themes/indianexpress/images/default-ie.jpg
US Google search antitrust trial will not be rescheduled for Trump’s DOJ to revise proposals,https://indianexpress.com/article/technology/tech-news-technology/us-google-search-antitrust-trial-will-not-be-rescheduled-for-trumps-doj-to-revise-proposals-9692474/ , https://indianexpress.com/wp-content/themes/indianexpress/images/default-ie.jpg
